Workbook

Sheet Inputs
A1: Inputs (Bond, Trade and Market Data)
A2: Face Value (Notional) | C2: 100
A3: Annual Coupon Rate | C3: 0.08
A4: Coupon Frequency Per Year | C4: 2
A5: Issue Date | C5: 45658
A6: Maturity Date | C6: 47484
A7: Last Coupon Date | C7: 46023
A8: Next Coupon Date | C8: 46204
A9: Trade Date | C9: 46096
A10: Settlement Days | C10: 2
A11: Yield to Maturity | C11: 0.076
A13: Settement Date | C13: =C9+C10 -> 46098
A14: Coupon Per Period | C14: =(C3/C4)*C2 -> 4
A15: Yield Per Period | C15: =C11/C4 -> 0.038

Sheet Accrued Interest
A1: Day Count Basis
A2: Days Elapsed | C2: =DAYS360(Inputs!C7,Inputs!C13,0) -> 76
A3: Days in Full Coupon Period | C3: =DAYS360(Inputs!C7,Inputs!C8,0) -> 180
A4: Fraction of Period Elapsed | C4: =C2/C3 -> 0.42222222
A5: Fraction of Period Remaining (f) | C5: =1-C4 -> 0.57777778
A7: Accrued Interest | C7: =C4*Inputs!C14 -> 1.6888889

Sheet Cashflows
A1: Future Cashflows and Dirty Price
A2: Remaining Periods to Maturity | C2: =ROUND(DAYS360(Inputs!C13,Inputs!C6,0)/'Accrued Interest'!C3,0) -> 8
A4: Period (i) | B4: Exponent (f+i) | C4: Discount Factor | D4: Cashflow | E4: PV of CF
A5: 0 | B5: =A5 + 'Accrued Interest'!$C$5 -> 0.57777778 | C5: =1/((1+Inputs!$C$15)^B5) -> 0.97868184 | D5: =Inputs!$C$14 -> 4 | E5: =C5*D5 -> 3.9147274
A6: 1 | B6: =A6 + 'Accrued Interest'!$C$5 -> 1.5777778 | C6: =1/((1+Inputs!$C$15)^B6) -> 0.94285341 | D6: =Inputs!$C$14 -> 4 | E6: =C6*D6 -> 3.7714136
A7: 2 | B7: =A7 + 'Accrued Interest'!$C$5 -> 2.5777778 | C7: =1/((1+Inputs!$C$15)^B7) -> 0.90833662 | D7: =Inputs!$C$14 -> 4 | E7: =C7*D7 -> 3.6333465
A8: 3 | B8: =A8 + 'Accrued Interest'!$C$5 -> 3.5777778 | C8: =1/((1+Inputs!$C$15)^B8) -> 0.87508345 | D8: =Inputs!$C$14 -> 4 | E8: =C8*D8 -> 3.5003338
A9: 4 | B9: =A9 + 'Accrued Interest'!$C$5 -> 4.5777778 | C9: =1/((1+Inputs!$C$15)^B9) -> 0.84304764 | D9: =Inputs!$C$14 -> 4 | E9: =C9*D9 -> 3.3721905
A10: 5 | B10: =A10 + 'Accrued Interest'!$C$5 -> 5.5777778 | C10: =1/((1+Inputs!$C$15)^B10) -> 0.81218462 | D10: =Inputs!$C$14 -> 4 | E10: =C10*D10 -> 3.2487385
A11: 6 | B11: =A11 + 'Accrued Interest'!$C$5 -> 6.5777778 | C11: =1/((1+Inputs!$C$15)^B11) -> 0.78245146 | D11: =Inputs!$C$14 -> 4 | E11: =C11*D11 -> 3.1298059
A12: 7 | B12: =A12 + 'Accrued Interest'!$C$5 -> 7.5777778 | C12: =1/((1+Inputs!$C$15)^B12) -> 0.75380681 | D12: =Inputs!C14+Inputs!C2 -> 104 | E12: =C12*D12 -> 78.395908
A14: Dirty Price | E14: =SUM(E5:E12) -> 102.96646

Sheet Results
A1: Results
A2: Dirty Price (Full Price) | C2: =Cashflows!E14 -> 102.96646
A3: Accrued Interest (AI) | C3: ='Accrued Interest'!C7 -> 1.6888889
A4: Clean Price | C4: =C2-C3 -> 101.27758
